shop_name,shop_id,item_name,item_id,item_category,item_brand,item_ksp,item_desc
充电优品,S001,20000mAh 双向快充移动电源（USB-C+2A）,10001,移动电源,Anker,产品特性:20000mAh 大容量；产品特性:双向 PD 快充 65W；用户收益:为手机与笔电快速补电；品质保障:多重安全保护（过充/过放/短路）；使用场景:出差/旅行/会议,支持 USB-C 双向输入/输出与两个 USB-A 输出，采用高密度电芯与温控保护，配短线与收纳袋，适合长途旅行与多人共享充电。
充电优品,S001,10000mAh 超薄便携移动电源（18W）,10002,移动电源,Baseus,产品特性:10000mAh 轻薄机身；产品特性:18W PD 快充；用户收益:便携随身携带；情绪价值:外观极简好看；品质保障:通过 CE/ROHS 认证,适合日常通勤使用，轻薄机身可放口袋或包内，支持一台手机全天续航，外壳防刮处理，颜色有三款可选。
充电优品,S001,30000mAh 大容量户外移动电源（含交流输出）,10003,移动电源,ROMOSS,产品特性:30000mAh 带 AC 输出；用户收益:能给笔记本和小家电供电；使用场景:露营/应急备用；品质保障:防火阻燃外壳+多重保护；价格促销:节假日套装优惠,带 220V AC 输出和多口 DC/USB 输出，适合户外露营与断电应急，内置 LED 手电与数显电量，充电时间较长但容量大。
充电优品,S001,双向快充无线移动电源（磁吸 10k）,10004,移动电源,ESR,产品特性:磁吸无线对齐；产品特性:10000mAh；用户收益:无线一放即充；使用场景:通勤/办公桌,集成磁吸模块兼容部分磁吸手机，支持无线与有线同时输出，适合办公桌面或车内短时补电，携带方便。
充电优品,S001,太阳能便携移动电源（户外充电）,10005,移动电源,Anker,产品特性:太阳能补充充电；使用场景:户外/露营；用户收益:长时间户外续航；品质保障:防水等级 IPX4,带太阳能板可白天弱光充电，适合露营和户外活动，内置强光手电与挂绳，非主充电手段但可延长备用时间。
充电优品,S001,65W GaN 氮化镓快充（单C口）,10006,充电器与数据线,UGREEN,产品特性:GaN 氮化镓小体积高功率；产品特性:PD3.0 支持；用户收益:替代笨重充电器更轻便；品质保障:过压过流保护；对比优势:同功率体积更小,单 USB-C 输出，可为笔电/平板/手机快充，插脚折叠设计便于携带，适合出差用户。
充电优品,S001,45W 双口车载快充（C+A）,10007,充电器与数据线,Baseus,产品特性:45W 总输出；使用场景:车载同时充电；用户收益:司机和乘客同时快充；品质保障:散热金属外壳与防护协议,插入点烟器口，双口同时输出，智能识别设备并分配功率，具备过温保护，外形紧凑不挡视线。
充电优品,S001,编织快充数据线 USB-C to Lightning 1.5m（MFi）,10008,充电器与数据线,Nillkin,产品特性:MFi 认证；用户收益:兼顾传输与快充；品质保障:加固接口抗折断；价格促销:两条装优惠,1.5 米长度适合床头与办公使用，编织材质耐用，支持 PD 快充与数据传输，包装含收纳绑带。
充电优品,S001,磁吸无线充电底座（15W 支持横竖放）,10009,充电器与数据线,Baseus,产品特性:磁吸定位；用户收益:摆放即充；使用场景:办公桌/床头；品质保障:散热与短路保护；口碑证明:好评率高,支持兼容设备的最高 15W 无线充电，带防滑底座和散热孔，充电过程中自动对齐并显示 LED 指示。
充电优品,S001,PD 快充充电头套装（30W+60W）,10010,充电器与数据线,UGREEN,产品特性:套装覆盖多设备；用户收益:家庭与出差通用；价格促销:套装折扣；品质保障:多重认证,一套含 30W 与 60W 两个充电头，满足手机与笔记本不同场景需求，旅行与家用均可。
跑者之家,S002,男款缓震跑步鞋（长跑）,20001,跑鞋,Asics,产品特性:GEL 缓震中底；用户收益:保护膝盖减震；使用场景:长距离路跑/训练；品质保障:耐磨外底与透气鞋面；口碑证明:跑团推荐,中等堆高、稳定支撑，鞋面透气，适合每周中长距离训练，鞋底耐磨设计提升里程耐久性。
跑者之家,S002,女款轻量竞速跑鞋（短中距）,20002,跑鞋,New Balance,产品特性:轻量回弹中底；用户收益:提升配速响应；使用场景:竞赛/间歇训练；情绪价值:动感外观激励感,适合 5K-21K 竞速使用，窄楦设计更贴合竞速脚感，建议配速训练使用以发挥最佳效果。
跑者之家,S002,越野抓地跑鞋（山地）,20003,跑鞋,Salomon,产品特性:深纹多向抓地大底；使用场景:山地/泥地越野；用户收益:增强稳定与抓地；品质保障:防泥护套与耐磨鞋面,专为山径与泥地设计，外底抓地力强，鞋面抗撕裂，适合复杂地形及越野赛。
跑者之家,S002,多功能训练跑鞋（入门）,20004,跑鞋,Nike,产品特性:中底回弹材料；用户收益:训练舒适；使用场景:跑步/健身/通勤；价格促销:首单立减,适合跑步新手与日常训练者，兼具缓冲与耐用，适合通勤亦可跑步。
跑者之家,S002,轻透跑鞋（夏季透气款）,20005,跑鞋,Puma,产品特性:超透气网面；用户收益:降低闷热不适；使用场景:夏季训练/短跑,鞋面透气快干，适合夏天训练，重量轻，短距离与速度训练表现良好。
跑者之家,S002,跑步袜（压缩护足 3双）,20006,运动配件,Stance,产品特性:足弓压缩支撑；用户收益:减少起泡与疲劳；使用场景:长跑/训练；品质保障:加厚脚跟,专为跑步设计的压缩袜，透气吸汗、减摩擦，加厚部位减少起泡，三双装适合训练消耗。
跑者之家,S002,心率表 GPS 运动手表（入门款）,20007,运动配件,Garmin,产品特性:GPS 轨迹+光学心率；用户收益:记录训练数据；使用场景:跑步/骑行/户外；品质保障:防水与续航,可记录配速、心率区间、步频等基础训练数据，支持训练计划与智能提醒，适合初学者与中级跑者。
跑者之家,S002,跑步腰包（轻量）,20008,运动配件,Salomon,产品特性:防水拉链与反光条；用户收益:携带手机与补给；使用场景:长跑/夜跑；情绪价值:轻便利落,贴身稳固、不晃动，带反光条提高夜跑安全，内有多层收纳袋，适合越野或城市长跑。
跑者之家,S002,跑步手套（触屏+保暖）,20009,运动配件,Decathlon,产品特性:触屏指尖与保暖层；使用场景:冬季跑步；用户收益:保暖同时可操作手机；价格促销:单品折扣,轻薄保温材质，手指部可触控操作，适合冷天训练，紧密贴合不影响握力。
跑者之家,S002,反光跑步外套（轻量防风）,20010,运动配件,H&M Sport,产品特性:防风轻量面料；使用场景:夜跑/清晨；用户收益:挡风保暖且便于收纳；情绪价值:城市简约风,带反光细节提升夜间可见性，轻薄易折叠，适合早晚跑步与通勤穿着。
小馆咖啡器具,S003,家用半自动咖啡机（15巴）,30001,咖啡机,De'Longhi,产品特性:15 巴泵压；使用场景:家庭意式制作；用户收益:制作浓缩与牛奶咖啡；品质保障:可拆洗水箱与蒸汽棒；情绪价值:提升厨房质感,可做意式浓缩与打奶泡，操作面板简单，适合家庭咖啡爱好者，清洗部件易拆卸。
小馆咖啡器具,S003,全自动咖啡机（带磨豆）,30002,咖啡机,Philips,产品特性:一体化磨豆与冲煮；用户收益:一键取咖啡便捷；使用场景:早晨/办公室小型使用；品质保障:可拆式冲煮单元便于清洗,支持调节研磨粗细与咖啡浓度，一键制作美式/浓缩/卡布奇诺，适合想省时又想品质的用户。
小馆咖啡器具,S003,胶囊咖啡机（便捷型）,30003,咖啡机,Nespresso,产品特性:胶囊速溶；用户收益:方便快速出杯；使用场景:办公室/宿舍；情绪价值:多口味选择,使用胶囊制作稳定风味咖啡，清洁简单，适合对口味稳定性有需求且追求便捷的人群。
小馆咖啡器具,S003,手冲壶 V60 玻璃套装,30004,咖啡配件,Hario,产品特性:旋流滤杯设计；用户收益:便于风味把控；使用场景:手冲精品咖啡；情绪价值:手作仪式感,套装含滤杯、玻璃壶与滤纸，适合注重风味表达的冲煮爱好者，外观简洁适合拍照分享。
小馆咖啡器具,S003,电动磨豆机（可调粗细）,30005,咖啡配件,Baratza,产品特性:锥形磨芯低热量；产品特性:多档粗细调节；用户收益:为不同冲泡方式定制研磨,低速磨芯减少发热，保留豆香，粗细可调匹配意式/手冲/法压等，适合注重风味的用户。
小馆咖啡器具,S003,冷萃咖啡壶（大容量）,30006,咖啡配件,Fellow,产品特性:慢萃过滤系统；用户收益:低酸顺滑冷萃；使用场景:办公室/家庭冷饮,大容量设计适合办公室或聚会，滤网易拆洗，保鲜盖保持风味，冷萃口感低酸且顺滑。
小馆咖啡器具,S003,不锈钢摩卡壶（4杯）,30007,咖啡配件,Bialetti,产品特性:传统蒸汽萃取；用户收益:浓郁意式风味；使用场景:家庭与露营,适合喜欢传统浓缩风味的用户，适配燃气与电陶炉，清洗与保养简单。
小馆咖啡器具,S003,恒温电热手冲壶（注水细口）,30008,咖啡配件,Fellow,产品特性:精确恒温控制；用户收益:稳定萃取；使用场景:手冲/精品咖啡,便于控制注水速度与温度，提高手冲稳定性，适合注重风味一致性的冲煮者。
小馆咖啡器具,S003,咖啡秤（计时称重）,30009,咖啡配件,Acaia,产品特性:高精度称重+计时功能；用户收益:精确配方复现；使用场景:手冲/实验萃取,精准计时与称重，适合追求冲煮一致性的咖啡爱好者与小型咖啡馆。
小馆咖啡器具,S003,牛奶打泡壶（不锈钢）,30010,咖啡配件,De'Longhi,产品特性:优质不锈钢材质；使用场景:拉花/打奶泡；用户收益:做出丝滑奶泡,适合制作拿铁或卡布奇诺，壶身导热均匀，易清洗且耐用。
肌肤良方,S004,温和洁面乳（敏感肌适用）,40001,洁面/精华,Cetaphil,产品特性:弱酸性温和配方；用户收益:减少刺激与紧绷；使用场景:早晚洁面；品质保障:皮肤科推荐,泡沫细腻易冲洗，不含香精酒精，适合敏感/干燥肌人群，包装标注成分简单透明。
肌肤良方,S004,保湿玻尿酸精华（多分子）,40002,洁面/精华,Hada Labo,产品特性:多分子玻尿酸复配；用户收益:深层补水与锁水；使用场景:早晚打底；品质保障:温和配方,质地轻薄快速吸收，用于爽肤/精华层补水，适合各类肤质作为基础保湿产品。
肌肤良方,S004,维生素C 亮肤精华（稳定型）,40003,洁面/精华,The Ordinary,产品特性:稳定型维C 衍生物；用户收益:提亮肤色淡斑；使用场景:白天配合防晒或夜间使用；风险消除:建议与低刺激配方搭配,有助改善暗沉与肤色不均，浓度适中，需与防晒配合以避免光敏反应。
肌肤良方,S004,修护晚霜（屏障修复）,40004,面霜/防晒,La Roche-Posay,产品特性:含神经酰胺与烟酰胺；用户收益:修复皮脂屏障；使用场景:夜间修护；品质保障:低敏配方,丰润但不油腻，适合换季或屏障受损肌肤，夜间使用能提升肤感与舒适度。
肌肤良方,S004,清爽日乳（控油保湿）,40005,面霜/防晒,Olay,产品特性:清爽质地不致痘；用户收益:日间控油保湿；使用场景:日常打底；情绪价值:轻薄妆感,适合混合偏油肌，吸收快不泛油光，可作为妆前打底使用。
肌肤良方,S004,物理防晒 SPF50+ PA++++,40006,面霜/防晒,Anessa,产品特性:高倍防晒+抗水；用户收益:长效防晒户外保护；使用场景:户外/运动；品质保障:抗汗抗水测试,适合户外活动与运动场景，轻薄不黏腻，使用后不易泛白，建议按需补涂。
肌肤良方,S004,抗敏修护面膜（单片）,40007,面霜/防晒,Kiehl's,产品特性:高保湿修护配方；用户收益:即时舒缓泛红；使用场景:急救修护/换季,单片包装便于携带，适合换季或敏感发作时做短期密集修护，使用后皮肤舒缓明显。
肌肤良方,S004,去角质温和啫喱（化学+物理双效）,40008,洁面/精华,Paula's Choice,产品特性:温和 AHA/BHA 低浓度；用户收益:改善肤质光滑；使用场景:每周护理,温和配方减少刺激，建议按说明间隔使用，搭配保湿与防晒更安全。
肌肤良方,S004,眼部紧致精华（淡纹）,40009,洁面/精华,Estée Lauder,产品特性:肽类与保湿复配；用户收益:淡化细纹紧致；使用场景:早晚点涂,质地轻薄不油腻，针对细纹与松弛问题，长期使用效果更明显，适合配合按摩使用。
肌肤良方,S004,面部喷雾（保湿镇静）,40010,面霜/防晒,Avène,产品特性:温泉水镇静配方；用户收益:即时保湿舒缓；使用场景:外出/空调房,喷雾便携，适合缓解干燥与敏感，适合长时间在空调环境或飞行时使用。
匠心刀具,S005,厨师刀（万能 8寸）,50001,厨师刀,Zwilling,产品特性:高碳一体锻造；用户收益:持久锋利；使用场景:切菜切肉通用；品质保障:热处理+保修建议,刀身平衡，手柄符合人体工学，适合家庭与半专业使用，建议手洗并定期磨刀保养。
匠心刀具,S005,三德刀套装（厨房入门 3件）,50002,厨师刀,Kai,产品特性:多型号组合；用户收益:一次满足家庭常用刀具；情绪价值:礼盒包装适合送礼；品质保障:防锈处理,含三德刀、削皮刀与面包刀，覆盖日常切配需求，包装精美适合作为家居礼品。
匠心刀具,S005,日本牛刀（7寸 专业款）,50003,厨师刀,Shun,产品特性:VG-MAX 多层钢；用户收益:极高锋利度与顺滑切割；使用场景:专业厨房/烹饪爱好者；品质保障:手工抛光,面向烹饪爱好者与专业用户，刀刃锋利需注意保养与避免洗碱性强水清洗。
匠心刀具,S005,剥皮小刀（3.5寸）,50004,厨师刀,Victorinox,产品特性:轻巧锋利刀尖；用户收益:精细操作顺手；使用场景:蔬果修整,适合日常蔬果去皮与细工，刀柄防滑设计，价位亲民且耐用。
匠心刀具,S005,磨刀器（粗/细 两档）,50005,厨房配件,Global,产品特性:粗细两档快速修锋；用户收益:家庭快速维持锋利；使用场景:日常保养；品质保障:防滑底座,操作简单安全，适合日常快速修磨刀刃，便于家庭保持刀具性能。
匠心刀具,S005,砧板收纳套装（抗菌）,50006,厨房配件,Joseph Joseph,产品特性:多功能砧板+收纳槽；用户收益:节省台面并分类切割；使用场景:小厨房,包含不同颜色砧板用于分类食材，抗菌材质易清洗，带收纳槽节省空间。
匠心刀具,S005,家用磨刀棒（陶瓷细磨）,50007,厨房配件,Tojiro,产品特性:陶瓷细磨维护刃口；用户收益:延长刀具使用周期；使用场景:日常家用,细磨维护刀锋适合日常保养，操作简便，配套防滑底座更安全。
匠心刀具,S005,刀具磁性挂板（实木）,50008,厨房配件,IKEA,产品特性:强磁实木挂板；用户收益:方便存取刀具并节省台面；情绪价值:厨房陈列美观,实木外观适合现代厨房墙面安装，磁性固定刀具安全便捷，适合讲究收纳的家庭。
匠心刀具,S005,刀套礼盒（送礼优选）,50009,厨房配件,Zwilling,产品特性:精美礼盒包装；用户收益:适合婚礼/乔迁送礼；品质保障:品牌保修,含多把常用刀具与收纳盒，包装精致，适合作为高端家居礼物。
匠心刀具,S005,厨房专用剪刀（多功能）,50010,厨房配件,Kai,产品特性:多用途设计可开瓶/剪骨；用户收益:减少厨房工具切换；使用场景:日常烹饪,多功能设计适合家庭烹饪，易清洗且握感舒适，耐用度高。
全能家电站,SH-A01,格力 云佳 1.5匹 新一级能效 变频冷暖 壁挂式空调,IT-A01-01,大家电-空调,格力,产品特性： 新一级能效，APF值高达5.28，全年省电；56℃净菌自洁技术，出风更健康；用户收益： 快速制冷制热，静音低至18分贝，舒适睡眠不打扰；品质保障： 格力10年整机包修，核心零部件质量可靠；价格促销： 以旧换新补贴至高400元，免费上门安装。,采用高性能变频压缩机，30秒速冷，60秒速热。搭载智能Wi-Fi功能，可通过手机APP远程控制，下班路上提前开启。导风板可拆洗设计，清洁方便。适用于12-20平方米卧室或小客厅，是追求性价比和品质的家庭首选。
全能家电站,SH-A01,格力 云锦II 3匹 新一级能效 变频冷暖 圆柱立柜式空调,IT-A01-02,大家电-空调,格力,产品特性： 大匹数满足客厅需求，广域送风，扫风范围达85°；用户收益： 衡温立体送风，避免直吹，体感更舒适；使用场景： 大户型客厅、餐厅、会议室；口碑证明： 京东平台柜机空调金榜TOP3产品。,创新分布式送风技术，冷风上扬，暖风下沉，实现全屋均匀控温。外观采用简约圆柱形设计，优雅百搭。运行噪音低，不干扰家人观影或交谈。支持电辅热功能，应对极端寒冷天气。
全能家电站,SH-A01,美的 酷省电 1.5匹 新一级能效 变频空调,IT-A01-03,大家电-空调,美的,产品特性： 搭载ECO节能模式，对比旧三级能效，一年可省电约400度；价格促销： 主打高能效性价比，价格亲民；用户收益： 节能省电，长期使用成本更低；品质保障： 6年整机包修。,针对追求节能的用户设计，一键开启“酷省电”模式，在保证制冷/热效果的同时智能降低能耗。30秒速冷，60秒速热。内机导风板采用高密度滤网，可初步过滤灰尘。支持自清洁功能。
全能家电站,SH-A01,海尔 静悦 1.5匹 新一级能效 变频空调,IT-A01-04,大家电-空调,海尔,产品特性： PKC倍速升频技术，15秒即冷；使用场景： 对制冷速度要求高的西晒房间或顶楼；用户收益： 急速满足降温需求，体验感强；品质保障： 海尔优质售后服务网络，响应快。,采用新型变频技术，压缩机升频速度提升3倍，实现急速调温。运行噪音低至17分贝，营造静谧环境。内置56℃高温自清洁功能，蒸发器洁净如新，送风清新。支持海尔智家APP智能操控。
全能家电站,SH-A01,小米 巨省电 1.5匹 新一级能效 变频空调,IT-A01-05,大家电-空调,小米,产品特性： 全屋智能互联核心，支持米家APP与小爱同学语音控制；价格促销： 互联网品牌直供价，性价比突出；用户收益： 无缝接入小米智能家居生态，联动智能场景；情绪价值： 科技感与便捷性拉满。,深度整合小米智能生态，可与其他智能设备联动，如温度过高自动开启。采用直流变频技术，新一级能效。外观设计简约，纯白机身易搭配。安装和售后由专业团队承接，品质有保障。
全能家电站,SH-A01,西门子 嵌入式 12套 家用洗碗机,IT-A01-06,厨房电器-洗碗机,西门子,产品特性： 欧洲原装进口，5D智能洁净系统（水温、水压、水流、时间、温度）；用户收益： 强效除菌，可代替消毒柜，洗净烘干除菌存储一体；使用场景： 解放双手，解决家庭洗碗矛盾，适合2-6口之家。,搭载BLDC变频水泵和变频电机，动力强且静音节能。热交换+冷凝烘干，餐具干爽无水渍。中式碗篮设计，可调节支架，轻松放入炒锅。支持智能洗，自动判断油污程度调整程序。72小时抑菌储存功能。
全能家电站,SH-A01,美的 嵌入式 15套 大容量 洗碗机,IT-A01-07,厨房电器-洗碗机,美的,产品特性： 行业独有“四星消毒”认证，灭菌率达99.99%；价格促销： 同容量段性价比之王；用户收益： 锅碗瓢盆一次性洗净，容量巨大，适合大家庭或聚餐。,采用双驱变频系统，洗涤更稳更静。三层喷臂，720°全覆盖冲刷。热风烘干技术，烘干彻底，可短期充当碗柜。支持App远程操控，可查看洗涤状态。安装灵活，可独立或嵌入式安装。
全能家电站,SH-A01,老板 侧吸变频 21风量 抽油烟机,IT-A01-08,厨房电器-烟灶,老板,产品特性： 挥手智控2.0，手挥感应开关机/调档；用户收益： 免碰触，做饭时手上油污不沾机身；品质保障： 老板核心专利“油立净”涂层，内腔免拆洗。,采用沉吸式设计，近距离拢烟。变频电机，风量高达21m³/min，最大静压达950Pa，公共烟道高峰期排烟无压力。配备1分钟延时关机功能，吸尽余烟。噪音控制优秀，烹饪体验舒适。
全能家电站,SH-A01,方太 嵌入式 4.5kW 燃气灶,IT-A01-09,厨房电器-烟灶,方太,产品特性： 65%超高热效率，一级能效，高效节能；用户收益： 火力均匀稳定，适合中式爆炒与慢炖；使用场景： 对烹饪火力有要求的家庭用户。,全黑钢化玻璃面板，易清洁。采用辟火锅支架，防止汤汁溢出堵塞火孔。底盘自适应设计，开孔尺寸兼容性强。电子脉冲点火，成功率高。标配熄火保护装置，使用安全。
全能家电站,SH-A01,九阳 免手洗 破壁豆浆机,IT-A01-10,厨房电器-料理机,九阳,产品特性： “不用手洗”黑科技，自动清洗+热烘除菌；用户收益： 彻底解放双手，解决清洗难题；价格促销： 早餐神器，提升生活幸福感的小家电。,除了制作豆浆，还能做米糊、果汁、浓汤等。干豆直打，无需浸泡。高速破壁，口感细腻无渣。制作完成后自动进入清洗程序，并进行高温蒸汽除菌。OLED屏显，操作直观简单。
全能家电站,SH-A01,戴森 V12 Detect Slim 无绳吸尘器,IT-A01-11,生活电器-清洁,戴森,产品特性： 激光探测技术，让肉眼难见的微尘显形；用户收益： 清洁效果可视化，清洁更彻底；情绪价值： 高端科技生活方式的象征。,搭载压电式传感器，能实时统计并分类吸入的灰尘大小和数量，在LCD屏上显示。整机过滤系统，锁住99.99%的微尘。配有多种吸头，适用于地板、地毯、床褥、缝隙等全屋清洁。轻量化设计，举高清洁不费力。
全能家电站,SH-A01,石头 P10 Pro 扫拖机器人,IT-A01-12,生活电器-清洁,石头,产品特性： 全胶刷主刷防缠绕，双螺旋拖布自升降；用户收益： 真正解放双手，自动集尘、自动洗拖布、自动烘干；使用场景： 养宠家庭、工作繁忙的上班族。,采用行业领先的ReactiveAI 3.0避障系统，能识别超过80种障碍物。吸力达11000Pa，拖布旋转下压模拟人手擦地。基站集成热水洗布、自动集尘（尘袋容量2.7L）、热风烘干功能，实现高度自动化清洁。
全能家电站,SH-A01,科沃斯 窗宝 W2 擦窗机器人,IT-A01-13,生活电器-清洁,科沃斯,产品特性： 方形设计，边角覆盖率提升30%；用户收益： 解决高空擦窗危险，清洁玻璃、瓷砖、浴室镜面；使用场景： 高层住宅、落地窗、大面玻璃隔断清洁。,采用无边框驱动，四重安全防护（安全绳、断电续吸、防跌落、手机提醒）。自动规划弓字形路径，干湿两擦，不留水痕。机身轻薄，可清洁常见厚度的中空玻璃。APP控制，可指定区域清洁。
书香门第,SH-B02,东野圭吾《白夜行》精装典藏版,IT-B02-01,图书-小说,南海出版公司,产品特性： 东野圭吾无冕之王代表作，精装护封设计，收录作者寄语；用户收益： 沉浸式阅读体验，感受极致的悬疑与人性描写；口碑证明： 豆瓣图书TOP100，百万读者评价9.2分。,完整无删减版，精装采用烫黑漆工艺，质感出众。随书附赠专属书签。故事跨越19年，讲述一段绝望悲凉的爱情和令人发指的罪案，是推理小说迷必读之作。纸张厚实，印刷清晰，收藏价值高。
书香门第,SH-B02,刘慈欣《三体》全集 (1-3册),IT-B02-02,图书-小说,重庆出版社,产品特性： 亚洲首部“雨果奖”获奖作品，中国科幻文学里程碑；情绪价值： 开拓宇宙视野，引发对文明、道德的深层思考；口碑证明： 全球销量破千万，国内外政商界人士推荐。,套装包含《三体》、《三体II：黑暗森林》、《三体III：死神永生》。讲述了地球人类文明与三体文明的信息交流、生死搏杀及两个文明在宇宙中的兴衰历程。想象宏大，逻辑严密，被誉为“中国科幻巅峰”。
书香门第,SH-B02,当年明月《明朝那些事儿》增补版全集,IT-B02-03,图书-历史,北京联合出版公司,产品特性： 白话正说明朝历史，语言幽默风趣，史料扎实；用户收益： 轻松入门历史，像读小说一样读懂明朝三百年兴衰；使用场景： 历史爱好者、学生课外阅读、通勤读物。,全集共9册，从朱元璋出生讲起，到崇祯皇帝自缢明朝灭亡。作者用现代笔法融入个人见解，将复杂的历史人物和事件讲得生动有趣。增补版增加了部分图表和注解，阅读体验更佳。
书香门第,SH-B02,《哈利·波特》英汉对照版全集 (1-7册),IT-B02-04,图书-小说,人民文学出版社,产品特性： 官方授权英汉双语版，左页英文原版，右页中文译文；用户收益： 边学英语边重温经典，提升英文阅读能力；情绪价值： 魔法世界永恒的魅力，送给哈迷最好的礼物。,精美盒装，内文采用轻型纸，轻便护眼。英文部分完整保留J.K.罗琳的原汁原味，中文翻译为经典的马爱农译本。适合各年龄段的哈迷收藏，也是英语学习者极佳的课外读物。
书香门第,SH-B02,《DK博物大百科》,IT-B02-05,图书-科普,科学普及出版社,产品特性： 史密森学会权威认证，收录5000多个物种，高清实拍图片；用户收益： 家庭必备自然百科全书，亲子共读，认识地球生命多样性；使用场景： 儿童科普启蒙、家庭藏书、礼物赠送。,重达7斤的“重量级”百科全书。内容涵盖岩石矿物、微生物、植物、真菌、动物六大类。每一页都是视觉盛宴，图片极具冲击力。采用绿色印刷，安全环保。是培养孩子好奇心和探索欲的绝佳工具书。
书香门第,SH-B02,百乐 P500 中性笔 (黑色 0.5mm) 12支装,IT-B02-06,文具-笔类,百乐,产品特性： 经典考试用笔，顺滑不断墨，大容量墨水；口碑证明： 学生党“国民神笔”，长时间书写不累手；价格促销： 多支装更划算，办公学习常备。,采用三点承托式笔尖，书写稳定，粗细均匀。防水耐光墨水，字迹持久。笔杆轻盈，握感舒适。书写长度约2000米，是普通中性笔的3倍以上。适用于考试、笔记、办公等多种场景。
书香门第,SH-B02,国誉 活页本 (B5 方格 30页/本) 5本套装,IT-B02-07,文具-本册,国誉,产品特性： 柔滑顺滑纸，钢笔书写不透不洇；活页设计，可自由增减、调换内页；用户收益： 笔记整理神器，分类清晰，提高学习效率。,日本原装纸张，书写体验极佳。内页为5mm方格，方便画图、做表格，保持版面整洁。活页圈开合顺畅，轻松翻页。搭配同品牌活页纸，可构建个性化的知识管理系统。适合学生、手账爱好者、考研党。
书香门第,SH-B02,辉柏嘉 48色油性彩色铅笔铁盒装,IT-B02-08,文具-画材,辉柏嘉,产品特性： 德国百年品牌，色彩鲜艳饱满，笔芯不易断；品质保障： 铁盒包装精美，保护铅笔，便于收纳；使用场景： 成人减压涂鸦、儿童美术启蒙、专业绘画打稿。,采用高密度木材笔杆，抗压性强。油性芯心，叠色混色效果佳，附着力强。铁盒内附色卡和削笔刀。无论是用于写实绘画还是创意涂色书，都能提供出色的表现。是入门级彩铅的高性价比选择。
书香门第,SH-B02,3M 隐形胶带 (12mm*10m) 5卷装,IT-B02-09,文具-耗材,3M,产品特性： 可书写、可撕取不留残胶，哑光质感近乎隐形；用户收益： 错题整理、文件修改、手工粘贴，不破坏纸张原貌；口碑证明： 学生错题本必备，办公常备神器。,采用特殊合成纸材料，质地轻薄。可用圆珠笔、铅笔在胶带上直接书写。粘贴后可以轻松撕下，且不会损伤纸张表面。宽度适合多数文本行距，是整理笔记、修改文件、制作手账的绝佳工具。
书香门第,SH-B02,天文 全自动削笔机 (电动),IT-B02-10,文具-工具,天文,产品特性： 自动进笔，削尖即停，省时省力；用户收益： 解决家长削笔烦恼，低年级小学生可安全操作；使用场景： 家庭、教室、画室。,采用防夹手安全设计，仅笔尖进入。双刀头设计，削笔快速且笔尖粗细可调（分尖细/普通两档）。内置大容量碎屑盒，透明视窗可观察清理。使用两节5号电池或USB充电，续航持久。
书香门第,SH-B02,Kindle Paperwhite 5 电子书阅读器,IT-B02-11,数码-电子阅读器,Amazon,产品特性： 6.8英寸300ppi超清墨水屏，支持冷暖色温调节；用户收益： 类纸阅读感，保护视力，单次充电续航数周；情绪价值： 轻便随身图书馆，营造专注阅读氛围。,机身轻薄防水，适合在浴室、海滩等环境使用。存储容量8GB/32GB可选，可存储数千本电子书。内置阅读灯可智能调节亮度。配合亚马逊书城，可便捷获取海量正版书籍资源。是深度阅读爱好者的首选设备。
书香门第,SH-B02,索尼 DPT-RP1 13.3英寸电子纸,IT-B02-12,数码-电子阅读器,索尼,产品特性： 大尺寸柔性墨水屏，接近A4纸张大小，支持手写批注；用户收益： 专业级PDF阅读与批注工具，极大提升无纸化办公/学习效率；使用场景： 律师、学者、科研人员阅读文献、批改文件。,屏幕分辨率达1650 x 2200，显示文档和图表极其清晰。支持Wacom电磁笔技术，书写延迟低，手感真实。可通过Wi-Fi传输文件，支持多种格式。轻薄设计，长时间手持阅读无负担。
健身补给仓,SH-C03,ON 金标乳清蛋白粉 (香草味 5磅),IT-C03-01,运动营养-蛋白粉,Optimum Nutrition,产品特性： 全球销量领先的蛋白粉品牌，24克优质蛋白/勺；口碑证明： 健身爱好者“闭眼入”的标杆产品；用户收益： 训练后快速补充蛋白质，促进肌肉合成与恢复。,采用分离乳清蛋白和浓缩乳清蛋白混合配方，蛋白质纯度高，吸收迅速。每份仅含3克碳水化合物和1.5克脂肪。香草口味自然，易溶解，口感顺滑。通过多项质量安全认证，品质有保障。
健身补给仓,SH-C03,肌肉科技 正氮蛋白粉 (巧克力味 4.4磅),IT-C03-02,运动营养-蛋白粉,肌肉科技,产品特性： “正氮”技术，添加促睾因子，提升合成代谢环境；用户收益： 在补充蛋白的同时，助力突破增肌平台期；价格促销： 热门增肌粉，常有大容量优惠。,特别添加了BCAA支链氨基酸、谷氨酰胺和肌酸，形成全面的增肌矩阵。巧克力味浓郁，可用牛奶或水冲泡。适合在训练后或两餐之间使用，为中高强度训练者提供高效的营养支持。
健身补给仓,SH-C03,Myprotein Impact乳清蛋白粉 (草莓味 2.5kg),IT-C03-03,运动营养-蛋白粉,Myprotein,产品特性： 欧洲网红品牌，主打高性价比；用户收益： 以实惠价格获取足量蛋白质，降低健身成本；价格促销： 经常有折扣码，适合学生党和入门者。,每份提供21克蛋白质，脂肪和碳水化合物含量低。口味选择多达数十种，草莓味清新不腻。粉质细腻，容易摇匀。采用环保袋装，开封后请注意密封保存。是性价比极高的日常蛋白质来源。
健身补给仓,SH-C03,赛夫 分离乳清蛋白粉 (原味 1.8kg),IT-C03-04,运动营养-蛋白粉,赛夫,产品特性： 高纯度分离乳清蛋白，蛋白质含量超过90%；用户收益： 几乎零乳糖零脂肪，乳糖不耐受人群的理想选择；使用场景： 备赛期、严格控制热量摄入的减脂增肌人群。,在浓缩乳清基础上经过进一步过滤提纯，去除了大部分乳糖和脂肪。吸收效率极高，对肠胃刺激小。原味几乎无添加，可搭配牛奶、果汁或加入燕麦中食用，灵活性强。
健身补给仓,SH-C03,BSN SYNTHA-6 六重矩阵蛋白粉 (曲奇味 5磅),IT-C03-05,运动营养-蛋白粉,BSN,产品特性： 6种不同释放速度的蛋白质混合矩阵；用户收益： 提供持续数小时的蛋白质供应，满足全天候营养需求；情绪价值： 被誉为“口感最好的蛋白粉”，享受喝甜品般的快乐。,包含乳清蛋白浓缩物、分离物、水解物以及酪蛋白等。快慢结合，既能快速修复肌肉，又能长效防止肌肉分解。曲奇饼干味极其香浓，即使长期饮用也不易厌倦。适合作为代餐或加餐饮用。
健身补给仓,SH-C03,诺特兰德 支链氨基酸BCAA粉剂 (蓝莓味 300g),IT-C03-06,运动营养-氨基酸,诺特兰德,产品特性： 2:1:1黄金比例（亮氨酸：异亮氨酸：缬氨酸）；用户收益： 运动中饮用，减轻肌肉疲劳感，延缓耐力下降；使用场景： 高强度训练、有氧运动期间补充，帮助保持运动表现。,粉剂溶解速度快，蓝莓味清爽。零糖零热量，不影响减脂。可以快速补充在运动中消耗的BCAA，减少肌肉蛋白分解，促进运动后恢复。建议在训练前、中、后分次饮用。
健身补给仓,SH-C03,海德力 复合肌酸 一水肌酸 (300g),IT-C03-07,运动营养-肌酸,海德力,产品特性： 最经典、研究最充分的运动补剂，提升肌肉力量和爆发力；口碑证明： 被众多体育科学家和运动员验证有效；用户收益： 增加训练负荷，助力突破力量瓶颈。,一水肌酸纯度高达99.9%。可以增加肌肉细胞内水分和磷酸肌酸储备，从而提高短时间、高强度运动的重复能力。建议初期“冲击期”每天20克（分4次），之后每天3-5克维持。与含糖饮料同服吸收更佳。
健身补给仓,SH-C03,C4 极限能量氮泵 (水果味 60份),IT-C03-08,运动营养-氮泵,Cellucor,产品特性： 富含β-丙氨酸、精氨酸、咖啡因等成分；用户收益： 训练前服用，提升泵感、专注度和能量水平；情绪价值： 让你对每次训练都充满期待和激情。,经典氮泵产品，能有效促进训练时肌肉充血，获得更强的肌肉收缩感和满足感。咖啡因提供清醒头脑，β-丙氨酸缓解肌肉酸性物质堆积引起的灼烧感。水果口味，冷水冲调即饮。建议从半份开始尝试身体耐受度。
健身补给仓,SH-C03,欧普特蒙 男士复合维生素矿物质片 (240片),IT-C03-09,运动营养-维生素,Optimum Nutrition,产品特性： 专为活跃男性设计，富含22种关键维生素与矿物质；用户收益： 弥补饮食营养缺口，支持免疫系统健康，保障运动状态；使用场景： 日常基础营养补充，健身人群必备。,包含高剂量的B族维生素（支持能量代谢）、维生素D3（支持骨骼健康）和锌、镁等矿物质。片剂大小适中，易于吞服。每天1-2片随餐服用，为高消耗的健身生活提供全面的微营养素支持。
健身补给仓,SH-C03,Quest 高蛋白低碳水曲奇饼 (巧克力碎味 12盒装),IT-C03-10,运动食品-蛋白棒/零食,Quest,产品特性： 每块含15克蛋白质，仅含4克净碳水，高膳食纤维；用户收益： 解馋零食新选择，饱腹感强，满足甜食欲不增脂；使用场景： 训练后加餐、办公室健康零食、控糖期间甜品替代。,采用天然代糖（赤藓糖醇、甜菊糖苷）提供甜味，不引起血糖剧烈波动。口感软糯，巧克力碎丰富。独立包装，方便携带。适合追求健康饮食、进行生酮或低碳饮食的健身人群。
健身补给仓,SH-C03,SBD 7mm 举重腰带,IT-C03-11,健身装备-护具,SBD,产品特性： 全球力量举冠军首选品牌，单排扣设计，调节便捷牢固；口碑证明： 力量举三大项（深蹲、卧推、硬拉）世界纪录保持者常用装备；用户收益： 提供核心稳定支撑，保护腰椎，提升大重量训练安全性。,由高品质牛皮制成，前窄后宽的人体工学设计，贴合腰部曲线。7mm厚度在支撑性和灵活性间取得平衡。皮带扣采用高强度不锈钢，经久耐用。是大重量训练者、力量举爱好者的终极护具投资。
健身补给仓,SH-C03,李宁 专业力量举深蹲护膝 (一对),IT-C03-12,健身装备-护具,李宁,产品特性： 高弹力乳胶材质，提供强力支撑与缓冲；价格促销： 国货精品，性价比远超国外品牌；用户收益： 保护膝关节韧带，减轻深蹲、箭步蹲时膝盖压力，提升训练信心。,采用多层缠绕设计，压力均匀分布。弹性极佳，回弹快不易变形。适合大重量深蹲、奥林匹克举重等训练。能有效提升膝关节稳定性，减少受伤风险，尤其适合膝盖有旧伤或进行康复训练的人群。
健身补给仓,SH-C03,VersaGripps 多功能助力带,IT-C03-13,健身装备-辅助,VersaGripps,产品特性： 专利钩环设计，无需缠绕，快速穿脱；用户收益： 解决握力先于背力衰竭的问题，让背部训练更彻底；使用场景： 硬拉、引体向上、杠铃划船等拉类动作。,将手腕与杠铃/单杠连接，将部分压力从手指转移到手腕，极大减轻前臂和握力负担。采用耐磨尼龙和皮革材质，舒适耐用。是突破背部训练瓶颈、追求极致肌肉感受的进阶训练者的必备神器。
童趣城堡,SH-D04,美赞臣 蓝臻 幼儿配方奶粉 3段 (850g),IT-D04-01,婴童食品-奶粉,美赞臣,产品特性： 含有20倍乳铁蛋白*，提升宝宝自身保护力；MFGM乳脂球膜+DHA，助力脑部发育；用户收益： 延续母乳关键营养，支持宝宝全面成长；品质保障： 荷兰原装进口，全链路可追溯。,*对比市面上部分其他产品。专为1-3岁幼儿设计，科学配比蛋白质、维生素和矿物质。粉质细腻，易溶解，口味清淡接近母乳。采用创新Protect锁护技术，保留更多天然营养活性。
童趣城堡,SH-D04,爱他美 卓萃 儿童配方奶粉 4段 (900g),IT-D04-02,婴童食品-奶粉,爱他美,产品特性： NuMMOs™模拟母乳低聚糖，提升宝宝自护力；50%天然乳脂，帮助钙和脂肪吸收；口碑证明： 欧洲销量领先的婴幼儿奶粉品牌之一；用户收益： 促进肠道健康，软化便便，减少便秘。,荷兰版，适合3-6岁儿童。不含蔗糖和香精，口味清淡。添加了DHA、ARA、维生素D等关键营养素，支持儿童骨骼和大脑发育。是衔接母乳/普通奶粉与日常饮食的理想选择。
童趣城堡,SH-D04,英氏 婴幼儿营养面条 (原味 240g),IT-D04-03,婴童食品-辅食,英氏,产品特性： 分阶辅食理念，2阶面条适合7-9月龄，长度细软易吞咽；用户收益： 强化钙铁锌，补充辅食期关键营养，锻炼宝宝咀嚼能力；使用场景： 宝宝第一口面条，从泥糊状向固体食物过渡。,以东北小麦为原料，不添加食盐、白砂糖。面条细短，煮后软烂，适合初添面条的宝宝。独立小包装，一次一袋，卫生方便。可搭配各种蔬菜泥、肉泥、蛋黄等，制作营养丰富的宝宝餐。
童趣城堡,SH-D04,小皮 有机藜麦多种谷物米粉 (200g),IT-D04-04,婴童食品-辅食,小皮,产品特性： 欧盟&中国双有机认证，藜麦搭配7种谷物，营养全面；用户收益： 高铁配方（二价铁），易吸收，预防宝宝缺铁性贫血；情绪价值： 高端有机辅食，妈妈放心之选。,粉质非常细腻，易冲调不起坨。口感顺滑，带有天然的谷物香味。不添加糖、盐、香精、防腐剂。富含蛋白质、膳食纤维和多种维生素，是宝宝辅食添加初期重要的铁来源。
童趣城堡,SH-D04,嘉宝 混合蔬菜泥 (苹果南瓜豌豆 113g*6),IT-D04-05,婴童食品-辅食,嘉宝,产品特性： 美国百年品牌，果蔬搭配，口味丰富；使用场景： 外出就餐、旅行时方便携带，即开即食；用户收益： 轻松为宝宝补充多种维生素，解决挑食难题。,采用非转基因果蔬制成，不添加人工色素、香精、防腐剂。质地细腻均匀，适合已经适应单一蔬果泥的宝宝尝试混合口味。独立罐装，配有防漏盖和勺子，卫生便携。
童趣城堡,SH-D04,乐高 经典创意系列 中号积木盒 (10696),IT-D04-06,婴童玩具-积木,乐高,产品特性： 33种颜色，484块颗粒，提供无限创意可能；用户收益： 锻炼孩子手眼协调、空间想象和问题解决能力；情绪价值： 亲子共玩，创造美好家庭回忆。,内含车轮、窗户、门等多种特殊组件，可以拼搭房屋、汽车、动物等各种模型。附赠搭建灵感手册。颗粒兼容所有乐高套装。是送给3岁以上孩子的绝佳入门礼物，陪伴成长。
童趣城堡,SH-D04,费雪 声光安抚海马 (蓝色),IT-D04-07,婴童玩具-安抚,费雪,产品特性： 经典安抚神器，8首舒缓音乐+温柔心跳声+海洋声；用户收益： 陪伴宝宝入睡，建立睡眠仪式感，减轻分离焦虑；口碑证明： 全球畅销数百万只，新手妈妈“待产包”常客。,按下海马肚子，会发出柔和的渐暗式灯光和持续5-10分钟的音乐/声音，帮助宝宝平静下来。毛绒部分可拆卸机洗。内部机芯安全可靠。适合0-3岁婴幼儿，是送给新生儿的温馨礼物。
童趣城堡,SH-D04,米宝兔 儿童早教故事机,IT-D04-08,婴童玩具-早教,米宝兔,产品特性： 海量云端资源，涵盖故事、儿歌、国学、英语；用户收益： 远离屏幕，保护视力，熏染语言环境，充当“哄娃神器”；价格促销： 功能全面，价格实惠的国民款故事机。,食品级硅胶耳朵，可啃咬。内置多种音效和灯光，吸引宝宝注意力。支持微信语音对讲，父母可远程发送消息。内存可扩展，支持下载。防水设计，洗澡时也能玩耍。是陪伴宝宝成长的智能小伙伴。
童趣城堡,SH-D04,B.Toys 比乐 动物园木立方游戏盒,IT-D04-09,婴童玩具-益智,B.Toys,产品特性： 五面可玩，集合串珠、滑块、转盘、形状配对等多种玩法；用户收益： 综合锻炼宝宝手部精细动作、颜色形状认知和逻辑思维；品质保障： 环保水性漆，进口橡胶木，边角圆润。,包含绕珠、齿轮、开锁、迷宫等16个趣味机关。色彩鲜艳，造型可爱，能激发宝宝的好奇心和探索欲。体积适中，稳固不易翻倒。适合1-3岁的幼儿，是蒙特梭利理念的经典玩具。
童趣城堡,SH-D04,绘儿乐 可水洗儿童手指画颜料 (6色套装),IT-D04-10,婴童玩具-画材,绘儿乐,产品特性： 美国知名品牌，配方安全，易于水洗（从皮肤和衣物上）；用户收益： 鼓励艺术创作，释放宝宝天性，家长清理无压力；使用场景： 家庭艺术启蒙、幼儿园手工活动。,色彩鲜艳纯正，流动性好，适合小手抓握涂抹。即使画在衣服或家具上，用湿布或肥皂水即可轻松洗净。家长可以放心让孩子进行自由的艺术探索。包含红、黄、蓝、绿、紫、橙六种基础色。
童趣城堡,SH-D04,Babycare 婴儿手口湿巾 (80抽*12包),IT-D04-11,婴童用品-护理,Babycare,产品特性： 七次净化EDI纯水，添加木糖醇护肤成分；用户收益： 擦拭宝宝口手、屁屁更安心，温和不刺激；价格促销： 家庭消耗品，大容量囤货装更划算。,采用加厚水刺无纺布，柔韧厚实不易破。尺寸大，清洁力强。不连抽设计，干净卫生。弱酸性配方，贴合宝宝皮肤PH值。通过多项皮肤刺激性测试，是日常护理的必备品。
童趣城堡,SH-D04,全棉时代 婴儿纯棉柔巾 (100抽*6包),IT-D04-12,婴童用品-护理,全棉时代,产品特性： 100%天然优质棉，干湿两用，柔软亲肤；用户收益： 可替代毛巾，更卫生，蘸水后即变湿巾，用途广泛；口碑证明： 母婴圈口碑爆品，无数妈妈无限回购。,采用全棉水刺无纺布工艺，触感如棉花般柔软。湿水后不易破、不掉絮。可用于给宝宝洗脸、洗屁屁、清洁口腔牙龈，妈妈也可用来当洗脸巾或卸妆棉。不含荧光增白剂，使用安全。
绿植花坊,SH-E05,天堂鸟 鹤望兰 大型室内绿植 (高约1.2m),IT-E05-01,绿植盆栽-大型绿植,本地苗圃,产品特性： 叶片宽大形似芭蕉，造型优雅，具有强烈热带风情；用户收益： 强力净化空气，增加室内湿度，是天然的“加湿器”；情绪价值： 提升家居格调，营造度假感与宁静氛围。,多年生草本植物，喜温暖湿润、阳光充足环境。我们发出的均为原盆原土带盆栽好，植株健壮，叶片油绿。定期擦拭叶片可使光泽度更好。适合摆放在客厅落地窗边、玄关或书房，是近年非常流行的网红室内树。
绿植花坊,SH-E05,琴叶榕 室内大型观叶植物 (高约1m),IT-E05-02,绿植盆栽-大型绿植,本地苗圃,产品特性： 北欧风家居代表植物，叶片似小提琴，株型挺拔简洁；用户收益： 适应性强，相对耐旱，养护难度较低；使用场景： 搭配简约、日式、北欧风格家居，拍照上镜利器。,我们精选株型饱满、主干粗壮、叶片无病斑的优质琴叶榕。喜明亮散射光，忌暴晒。浇水需见干见湿，盆土干透再浇透。定期转动花盆，使植株受光均匀，避免长歪。是打造 ins 风家居的必备元素。
绿植花坊,SH-E05,散尾葵 室内净化空气绿植 (高约1.5m丛生),IT-E05-03,绿植盆栽-大型绿植,本地苗圃,产品特性： 号称“空气加湿器”，蒸腾作用强，每天可蒸发约1升水；用户收益： 对二甲苯和甲醛有净化作用，尤其适合新装修家庭；使用场景： 客厅、办公室大堂、酒店走廊等宽敞空间。,丛生散尾葵，枝叶茂密，姿态潇洒。喜欢半阴和温暖潮湿的环境。我们使用营养土栽培，并已做缓苗处理，到家后适应更快。定期向叶片喷水，保持较高空气湿度，可防止叶尖干枯。
绿植花坊,SH-E05,龟背竹 老桩 室内盆栽 (含水泥盆 高约60cm),IT-E05-04,绿植盆栽-大型绿植,本地苗圃,产品特性： 叶片开背形成孔洞，极具艺术感和辨识度；用户收益： 夜间吸收二氧化碳，改善睡眠空气质量；情绪价值： 北欧风与复古风完美结合的经典植物，寓意健康长寿。,带盆发货，包含简约水泥盆，无需二次换盆。老桩龟背竹茎干粗壮，形态优美，稳定性好。喜温暖潮湿，忌阳光直射。开背完全的成熟叶片观赏性极强，是新家送礼和自用的热门选择。
绿植花坊,SH-E05,量天尺 仙人柱 北欧风绿植 (三颗组合 高约80cm),IT-E05-05,绿植盆栽-大型绿植,本地苗圃,产品特性： 极简线条感，仙人掌科植物，生命力极其顽强；用户收益： 几乎不用打理，适合“植物杀手”或繁忙上班族；使用场景： 点缀客厅角落、书房、工作室，打造沙漠景观风格。,三颗不同高度的量天尺组合种植在一个大灰陶盆中，层次感强。耐旱耐贫瘠，一个月浇水1-2次即可。需要充足的阳光。能有效吸收电磁辐射，是电脑桌旁的理想伴侣。
绿植花坊,SH-E05,虎皮兰 金边 室内盆栽 (高盆套装 约40cm),IT-E05-06,绿植盆栽-小型绿植,本地苗圃,产品特性： NASA推荐净化空气植物，能有效吸收甲醛、苯等有害气体；价格促销： 净化空气性价比之王，好养易活；用户收益： 释放氧气，改善室内环境，尤其适合放在卧室。,金边虎皮兰，叶片挺拔带有金色镶边，美观大方。我们使用透气陶盆搭配疏松营养土种植。极度耐旱，宁干勿湿，浇水过多易烂根。对光照要求不严，散射光即可生长良好。是新手入门的首选植物。
绿植花坊,SH-E05,绿萝 水培盆栽 办公室桌面绿植 (懒人杯 含保鲜),IT-E05-07,绿植盆栽-小型绿植,本地苗圃,产品特性： 遇水即活，生命力旺盛，水培干净卫生；使用场景： 办公室桌面、书桌、卫生间、厨房窗台；用户收益： 缓解视觉疲劳，点缀单调空间，带来生机活力。,精选枝条健壮、叶片油绿的无土栽培绿萝苗。采用透明玻璃杯+定植篮水培，可清晰观察根系生长。赠送一瓶水培营养液。只需定期加水，无需打理土壤，是忙碌都市人的“懒人植物”。
绿植花坊,SH-E05,油画婚礼吊兰 锦化观叶植物 (垂吊盆栽),IT-E05-08,绿植盆栽-小型绿植,本地苗圃,产品特性： 叶片如同打翻的调色盘，粉、紫、绿、白相间，颜值超高；情绪价值： 浪漫梦幻的色彩，满足少女心，是网红ins风植物；用户收益： 生长速度快，易爆盆，繁殖简单，有成就感。,喜明亮散射光，光照越充足，叶片粉色部分越多越鲜艳。我们使用吊篮盆栽种，方便悬挂。枝条会自然下垂，形成美丽的瀑布造型。适合挂在阳台、窗边或书架上方，是提升空间艺术感的绝佳选择。
绿植花坊,SH-E05,薄荷 可食用香草盆栽 (带盆土),IT-E05-09,绿植盆栽-香草,本地苗圃,产品特性： 可食用，自带清凉香气，驱赶蚊虫；用户收益： 随摘随吃，泡水、做菜、调酒、装饰甜品；使用场景： 厨房窗台、阳台菜园、西餐爱好者必备。,我们发出的是根系发达的健壮盆栽，非种子。喜水喜阳，保持土壤湿润和充足光照，生长极其迅速。摘下几片叶子泡在冰水里，就是一杯天然清凉的薄荷茶。是兼具观赏性和实用性的家庭香草。
绿植花坊,SH-E05,美乐棵 通用型缓释肥 (250g瓶装),IT-E05-10,园艺资材-肥料,美乐棵,产品特性： 美国进口核心缓释技术，养分持续释放3个月；用户收益： 一次施用，长效供养，省去频繁施肥的麻烦；使用场景： 适用于绝大多数观叶植物、开花植物和蔬果。,富含氮磷钾及多种微量元素，营养均衡。颗粒状，使用时只需浅埋在盆土表面或拌入土中即可。温和不烧根，能显著促进植物生长，使叶片更绿，开花更多。是家庭园艺的必备基础肥料。
绿植花坊,SH-E05,爱丽丝 深型加仑盆 (1加仑 多个颜色可选),IT-E05-11,园艺资材-花盆,爱丽丝,产品特性： 日本品牌，PP树脂材质，坚固耐用抗老化；用户收益： 底部排水孔多，透气性好，防止植物烂根；价格促销： 专业花友大量使用的性价比盆器，多色可选方便搭配。,深型设计适合根系发达的植物。盆壁有加强筋，不易变形。自重轻，移动方便。我们提供白色、绿色、棕色、灰色等多种颜色，满足不同家居风格搭配需求。是给植物换盆、分株的理想选择。
绿植花坊,SH-E05,喷香王 园艺压力喷壶 (2L 带可调喷头),IT-E05-12,园艺资材-工具,喷香王,产品特性： 气压式设计，手动打气后可持续喷雾；用户收益： 出水均匀细腻，可调雾状或柱状，浇花、喷药、加湿一壶搞定；使用场景： 家庭阳台、露台、小型花园日常养护。,壶身采用环保材质，透明水位线清晰可见。喷头可旋转调节，雾化效果好，适合给叶面补水或喷洒叶面肥。打气手柄符合人体工学，按压省力。是提升浇水体验、呵护植物的好帮手。
优衣库精选,shop_001,棉麻休闲连衣裙,1001,连衣裙,UNIQLO,棉麻材质透气舒适;限时8折优惠;显瘦A字版型;适合日常通勤;100%纯棉可机洗,采用60%棉+40%麻混纺面料，轻盈透气，春夏穿着不闷热。高腰A字剪裁修饰腰线，显瘦效果明显。搭配简约设计，轻松应对办公室通勤或周末约会。支持机洗，日常护理方便。
优衣库精选,shop_001,纯色修身连衣裙,1002,连衣裙,UNIQLO,修身剪裁显身材;满200减20促销;四季通用;无袖设计凉爽;环保染色工艺,精选高弹力针织面料，贴合身形不紧绷。无袖设计适合夏季，搭配开衫可应对早晚温差。满200元减20元活动期间购买更划算。环保染色工艺，减少化学残留，敏感肌友好。
优衣库精选,shop_001,碎花夏季连衣裙,1003,连衣裙,UNIQLO,清新碎花图案;防晒指数UPF50+;轻盈飘逸;可外搭牛仔外套;7天无理由退换,小碎花图案增添夏日活力，面料含防晒成分（UPF50+），户外活动更安心。轻盈垂坠感，走动时飘逸自然。搭配牛仔外套可转换为休闲风格，满足多场景需求。支持7天无理由退换，购物无忧。
优衣库精选,shop_001,高腰A字连衣裙,1004,连衣裙,UNIQLO,亲肤吸湿排汗;限时买一送一;适合小个子;易搭配配饰;快干材质,面料含吸湿排汗技术，运动后保持干爽。买一送一活动期间性价比高。高腰设计拉长腿部比例，小个子女生穿着显高。搭配项链或腰带轻松提升时尚感。快干材质，雨天出行也方便。
优衣库精选,shop_001,宽松度假连衣裙,1005,连衣裙,UNIQLO,速干防晒;旅行便携;多色可选;无内衬设计;环保回收面料,速干面料适合海边度假，防晒指数UPF40+。折叠后体积小，旅行收纳不占空间。提供米白、浅蓝等5种颜色。无内衬设计减少闷热感，环保回收棉制成，可持续理念加分。
优衣库精选,shop_001,纯棉短袖T恤,1006,T恤,UNIQLO,100%纯棉透气;夏季特惠价;抗皱易打理;基础百搭;无骨缝线舒适,采用100%新疆棉，柔软亲肤，吸汗速干。夏季特惠价仅99元，日常通勤或运动穿着舒适。抗皱设计，洗后不易变形。无骨缝线减少摩擦，长时间穿着无不适感。
优衣库精选,shop_001,宽松休闲T恤,1007,T恤,UNIQLO,宽松版型舒适;限时满减;适合居家办公;速干技术;多种颜色选择,宽松剪裁，居家办公或周末休闲穿着无拘束。满200减20活动期间更优惠。速干技术快速蒸发汗水，避免黏腻感。提供黑、灰、浅粉等6色，满足不同搭配需求。
优衣库精选,shop_001,印花文艺T恤,1008,T恤,UNIQLO,手绘图案设计;环保染料;防晒UPF30;易洗快干;搭配性强,独家手绘图案，文艺感十足。使用环保染料，减少皮肤刺激。防晒指数UPF30，日常出行更安心。易洗快干，适合忙碌上班族。搭配牛仔裤或半身裙，轻松打造休闲造型。
优衣库精选,shop_001,速干运动T恤,1009,T恤,UNIQLO,专业速干功能;运动场景适用;透气排汗;抗异味技术;轻量设计,专为运动设计，快速排汗不粘身。抗异味技术保持清爽，适合跑步或健身。轻量设计减少负担，运动时更自在。透气面料，避免闷热感。
优衣库精选,shop_001,圆领基础T恤,1010,T恤,UNIQLO,经典百搭;高性价比;耐洗耐磨;无痕领口;适合叠穿,基础款圆领设计，百搭不挑人。高性价比（仅59元），多次洗涤不易变形。无痕领口减少摩擦，长期穿着舒适。适合内搭衬衫或外套，提升层次感。
花西子美妆,shop_002,水润持妆粉底液,2001,粉底液,花西子,水润保湿不卡粉;持妆12小时;含植物精华;轻薄透气;敏感肌友好,水润质地融合玫瑰精华，上妆不卡纹，干皮友好。持妆长达12小时，控油不脱妆。含积雪草等植物成分，舒缓肌肤。轻薄透气，妆感自然。敏感肌测试通过，安心使用。
花西子美妆,shop_002,轻透遮瑕粉底液,2002,粉底液,花西子,10倍遮瑕力;轻薄无感;防晒SPF30;持久不暗沉;快速成膜,10倍遮瑕力覆盖痘印和暗沉，却保持轻薄感。SPF30防晒值，日常通勤防护。快速成膜，避免暗沉。适合混合皮，一整天妆容保持清透。
花西子美妆,shop_002,控油持久粉底液,2003,粉底液,花西子,24小时控油;哑光妆效;毛孔隐形;无油配方;适合油皮,专为油皮设计，24小时控油不脱妆。哑光妆效修饰毛孔，打造磨皮效果。无油配方减少闷痘风险。油皮用户反馈持妆稳定，夏季使用更安心。
花西子美妆,shop_002,自然光泽粉底液,2004,粉底液,花西子,透亮光泽感;保湿不拔干;提亮肤色;易推开;含玻尿酸成分,轻盈质地打造自然光泽，提亮暗沉肤色。含玻尿酸保湿，干皮不卡粉。易推开，适合新手。日常通勤或约会都能营造健康好气色。
花西子美妆,shop_002,保湿滋润粉底液,2005,粉底液,花西子,深层保湿;修复肌肤屏障;无添加香精;适合秋冬;妆效水润,专为秋冬干燥季节设计，深层保湿锁水。修复肌肤屏障，改善泛红。无添加香精，敏感肌安心。妆效水润不干燥，上妆后肌肤如自带光泽。
花西子美妆,shop_002,丝绒哑光口红,2006,口红,花西子,丝绒质地高级;显色持久;滋润不拔干;12小时不脱色;含玫瑰精油,丝绒哑光质地，高级感十足。显色度高，一抹即显色。含玫瑰精油滋润唇部，避免干燥。12小时持久不脱色，适合重要场合。不沾杯设计，约会更安心。
花西子美妆,shop_002,柔雾水润口红,2007,口红,花西子,水润保湿;柔雾妆效;自然提气色;易上色;无厚重感,水润质地保持唇部水润，柔雾妆效不显唇纹。自然提亮气色，适合日常。易上色，新手也能轻松驾驭。无厚重感，长时间佩戴舒适。
花西子美妆,shop_002,持久显色口红,2008,口红,花西子,12小时持色;防水防汗;不沾杯;显白效果;含维生素E,持久显色，防水防汗，运动后也不脱色。不沾杯设计，约会或用餐无忧。显白效果佳，黄皮友好。含维生素E滋养唇部，避免干燥。
花西子美妆,shop_002,丝绒雾面口红,2009,口红,花西子,高级丝绒感;不挑肤色;易涂抹;持久不晕染;含植物油脂,丝绒雾面质感，高级不俗气。不挑肤色，适合各种肤色。易涂抹，上唇即显色。持久不晕染，适合全天使用。含植物油脂，滋润不伤唇。
花西子美妆,shop_002,水润透亮口红,2010,口红,花西子,透亮光泽;保湿效果;自然日常;无味无刺激;适合初学者,水润质地带来透亮光泽，日常通勤更自然。保湿效果好，避免唇部干裂。无味无刺激，初学者友好。轻松打造健康好气色，无需技巧。
小米商城,shop_003,Redmi Note 12,3001,手机,Xiaomi,120Hz高刷屏;5000mAh大电池;6400万像素;33W快充;MIUI14系统优化,120Hz高刷屏，游戏观影更流畅。5000mAh大电池，重度使用一整天。6400万像素主摄，清晰记录生活。33W快充，20分钟充至50%。MIUI14系统优化，流畅不卡顿。
小米商城,shop_003,小米13,3002,手机,Xiaomi,5000万像素主摄;5000mAh电池;10倍光学变焦;67W快充;骁龙8 Gen2处理器,5000万像素主摄，暗光拍摄清晰。5000mAh电池，续航无忧。10倍光学变焦，远距离拍摄更精准。67W快充，15分钟充满。骁龙8 Gen2处理器，性能强劲，游戏流畅。
小米商城,shop_003,小米Civi 3,3003,手机,Xiaomi,5000万前置自拍;6.55英寸屏幕;4500mAh电池;33W快充;轻薄设计,5000万像素前置摄像头，自拍更清晰。6.55英寸大屏，观影体验佳。4500mAh电池，日常使用够用。33W快充，充电效率高。机身轻薄，握持舒适。
小米商城,shop_003,Redmi K60,3004,手机,Xiaomi,2K高刷屏;5000mAh电池;6400万像素;67W快充;骁龙8+处理器,2K分辨率屏幕，色彩更细腻。5000mAh电池，长续航。6400万像素主摄，细节丰富。67W快充，快速回血。骁龙8+处理器，性能提升，游戏体验升级。
小米商城,shop_003,小米12S,3005,手机,Xiaomi,5000万主摄;5000mAh电池;120Hz屏;67W快充;徕卡影像合作,5000万像素主摄，徕卡调校，拍照更专业。5000mAh电池，满足全天需求。120Hz高刷屏，操作顺滑。67W快充，充电快。徕卡影像合作，提升成像质量。
小米商城,shop_003,小米蓝牙耳机,3006,耳机,Xiaomi,降噪功能;20小时续航;舒适佩戴;蓝牙5.3;低延迟游戏模式,主动降噪，通勤时隔绝噪音。20小时总续航，单次使用5小时。人体工学设计，佩戴舒适。蓝牙5.3连接稳定，低延迟游戏模式，打游戏不卡顿。
小米商城,shop_003,小米圈铁耳机,3007,耳机,Xiaomi,11mm圈铁单元;40小时续航;IP55防水;触控操作;多设备切换,11mm圈铁单元，音质更饱满。40小时总续航，支持快充。IP55防水，运动出汗无忧。触控操作简单，多设备切换方便。适合音乐爱好者和运动场景。
小米商城,shop_003,小米真无线耳机,3008,耳机,Xiaomi,轻巧设计;18小时续航;双设备连接;智能降噪;音质清晰,重量仅3g，佩戴无感。18小时续航，充电盒补充。双设备连接，手机电脑无缝切换。智能降噪，提升通话质量。音质清晰，听歌更享受。
小米商城,shop_003,小米运动耳机,3009,耳机,Xiaomi,15小时续航;IPX7防水;运动防脱落;语音助手;低延迟模式,15小时续航，运动时长无忧。IPX7防水，淋雨也不怕。运动防脱落设计，跑步不掉落。支持语音助手，操作更便捷。低延迟模式，游戏体验提升。
小米商城,shop_003,小米降噪耳机,3010,耳机,Xiaomi,主动降噪;30小时续航;舒适耳塞;多场景降噪;蓝牙5.2,主动降噪技术，地铁通勤更安静。30小时总续航，支持快充。舒适耳塞贴合耳道。多场景降噪模式，办公或旅行更适用。蓝牙5.2连接稳定，延迟低。
宜家家居,shop_004,不粘锅套装,4001,厨房用具,IKEA,陶瓷不粘涂层;食品级安全;易清洗;耐高温;3年质保,陶瓷不粘涂层，食物不粘底，清洗方便。食品级材质，安全无毒。耐高温250°C，煎炒无忧。3年质保，售后无忧。套装含锅+铲，厨房必备。
宜家家居,shop_004,陶瓷碗碟套装,4002,厨房用具,IKEA,环保釉面;微波炉适用;防摔设计;简约北欧风;轻便易收纳,环保釉面，易清洁无残留。微波炉安全，加热食物更方便。防摔设计，日常使用更耐用。简约北欧风，搭配餐桌更美观。轻便设计，收纳不占空间。
宜家家居,shop_004,硅胶厨房工具,4003,厨房用具,IKEA,食品级硅胶;耐高温230°C;防滑手柄;易清洗;环保材质,食品级硅胶材质，安全健康。耐高温230°C，煎炒不熔化。防滑手柄，操作更安全。易清洗，不残留食物。环保材质，符合可持续理念。
宜家家居,shop_004,不锈钢餐具套装,4004,厨房用具,IKEA,304不锈钢;防锈耐腐蚀;轻便设计;可堆叠收纳;10年质保,304不锈钢材质，防锈耐腐蚀，长期使用不变色。轻便设计，携带方便。可堆叠收纳，节省厨房空间。10年质保，品质可靠。适合家庭日常使用。
宜家家居,shop_004,沥水架,4005,厨房用具,IKEA,360°沥水设计;防滑底座;不锈钢材质;快速干燥;节省台面空间,360°沥水设计，餐具快速干燥。防滑底座，稳固不晃动。不锈钢材质，耐用易清洁。快速干燥，避免细菌滋生。节省台面空间，厨房更整洁。
宜家家居,shop_004,床垫保护套,4006,卧室用品,IKEA,100%纯棉;透气吸湿;防尘防螨;易清洗;多种尺寸可选,100%纯棉材质，透气吸湿，睡眠更舒适。防尘防螨，呵护健康。易清洗，可机洗。提供单人/双人尺寸，适配多种床垫。
宜家家居,shop_004,睡眠眼罩,4007,卧室用品,IKEA,遮光效果好;亲肤材质;可调节头带;防过敏;便携设计,优质遮光材质，阻挡强光，助眠效果佳。亲肤材质，敏感肌肤友好。可调节头带，贴合头部。防过敏，使用更安心。便携设计，旅行携带方便。
宜家家居,shop_004,床上四件套,4008,卧室用品,IKEA,棉麻混纺;柔软亲肤;易打理;多色可选;抗皱设计,棉麻混纺面料，柔软透气。易打理，机洗不缩水。提供浅灰、米白等5色，搭配床品更美观。抗皱设计，日常使用不易起皱。
宜家家居,shop_004,香薰加湿器,4009,卧室用品,IKEA,超声波加湿;静音运行;智能定时;可调湿度;美观简约设计,超声波加湿，保持室内湿度。静音运行，睡眠不干扰。智能定时功能，自动调节。可调湿度，适应不同需求。美观简约，融入卧室装饰。
宜家家居,shop_004,衣柜收纳盒,4010,卧室用品,IKEA,多层设计;透明可视;防尘;可堆叠;节省空间,多层设计，分类收纳衣物。透明可视，快速找到物品。防尘设计，保持干净。可堆叠放置，节省衣柜空间。适合整理T恤、袜子等小件。
三只松鼠零食,shop_005,原味杏仁,5001,坚果零食,三只松鼠,独立小包装;无添加防腐剂;高蛋白低脂;富含维生素E;便携旅行,独立小包装，卫生便携。无添加防腐剂，健康无负担。高蛋白低脂，适合健身人群。富含维生素E，滋养皮肤。旅行或办公随时补充能量。
三只松鼠零食,shop_005,盐焗腰果,5002,坚果零食,三只松鼠,香气浓郁;低糖健康;优质蛋白;易剥壳;便携小袋装,盐焗风味，香气扑鼻。低糖健康，控制热量摄入。优质蛋白，补充营养。易剥壳设计，食用更方便。便携小袋装，适合户外活动。
三只松鼠零食,shop_005,混合坚果,5003,坚果零食,三只松鼠,多种坚果组合;营养均衡;无添加糖;独立包装;适合全家分享,混合核桃、腰果等5种坚果，营养更均衡。无添加糖，健康零食首选。独立包装，卫生方便。适合家庭共享，早餐或下午茶补充能量。
三只松鼠零食,shop_005,每日坚果,5004,坚果零食,三只松鼠,便携小袋装;含维生素B族;助消化;低热量;每日补充营养,每日一袋，方便快捷。含维生素B族，助消化。低热量，控制体重。每日补充营养，适合忙碌上班族。独立小包装，避免浪费。
三只松鼠零食,shop_005,琥珀核桃,5005,坚果零食,三只松鼠,琥珀色糖衣;香脆可口;高钙高磷;无添加色素;办公室零食首选,琥珀色糖衣，香脆可口。高钙高磷，补充骨骼营养。无添加色素，安全健康。办公室零食首选，解馋不胖。
三只松鼠零食,shop_005,橙汁饮料,5006,饮料,三只松鼠,100%鲜橙汁;无添加糖;富含维生素C;低卡路里;便携瓶装,100%鲜橙汁，新鲜无添加。富含维生素C，增强免疫力。低卡路里，适合减肥人群。便携瓶装，开盖即饮。日常补充维生素，健康又方便。
三只松鼠零食,shop_005,椰青饮料,5007,饮料,三只松鼠,天然椰青水;电解质补充;低糖低卡;解渴佳品;运动后饮用,天然椰青水，富含电解质，运动后快速补水。低糖低卡，健康无负担。解渴佳品，口感清甜。运动后饮用，恢复体力更佳。
三只松鼠零食,shop_005,茉莉花茶饮料,5008,饮料,三只松鼠,纯茶萃取;无添加香精;助消化;低热量;办公室提神饮品,纯茉莉花茶萃取，自然清香。无添加香精，安全健康。助消化，饭后饮用更舒适。低热量，不增重。办公室提神饮品，解乏又健康。
三只松鼠零食,shop_005,纯净水饮料,5009,饮料,三只松鼠,0添加;纯净口感;便携小瓶;适合日常补水;环保包装,0添加，纯净无味。口感清冽，适合日常补水。便携小瓶装，随身携带。环保包装，减少碳足迹。适合全天候饮用，健康无负担。
三只松鼠零食,shop_005,椰奶饮料,5010,饮料,三只松鼠,椰香浓郁;植物蛋白;低脂低卡;无添加糖;适合素食者,椰香浓郁，口感顺滑。植物蛋白，补充营养。低脂低卡，控制热量。无添加糖，健康选择。适合素食者或乳糖不耐人群。